IlmnID,Name,AddressA_ID,AlleleA_ProbeSeq,AddressB_ID,AlleleB_ProbeSeq,Infinium_Design_Type,Next_Base,Color_Channel,CHR_hg38,Start_hg38,End_hg38,Strand_hg38,betalow_boundseq,betamedium_boundseq,betahigh_boundseq,SNP_low,SNP_medium,SNP_high
rs10796216,rs10796216,84632581,TAACTAAAAAACAACAATACTAACTCTACACTAAATACCCACTAACCCTT,77745366,TAACTAAAAAACAACAATACTAACTCTACACTAAATACCCACTAACCCTC,I,A,Red,chr10,14649889,14649890,-,G/G,A/G,A/A,G/G,A/G,A/A
rs213028,rs213028,31661197,ACCTCCTCACCTATTAAATAAAAACACAATAAAACCCACTTCCTTAAAAT,3637210,ACCTCCTCACCTATTAAATAAAAACACAATAAAACCCACTTCCTTAAAAC,I,T,Red,chr1,21325683,21325684,+,G/G,A/G,A/A,C/C,T/C,T/T
rs951295,rs951295,1777132,AACAAACAAAAATACTACTCACAACTCTACTCATTAAAAAAACTCCCTCT,81605941,AACAAACAAAAATACTACTCACAACTCTACTCATTAAAAAAACTCCCTCC,I,C,Grn,chr15,45707624,45707625,-,G/G,A/G,A/A,G/G,A/G,A/A
rs3936238,rs3936238,62607574,AATACCCTACAATATACAAAAACAACACTTCCTATACAAAACTACTACCT,25691590,AATACCCTACAATATACAAAAACAACACTTCCTATACAAAACTACTACCC,I,T,Red,chr1,4071665,4071666,-,G/G,A/G,A/A,G/G,A/G,A/A
rs6991394,rs6991394,3675120,ACATCTCTTCCTACCAATTTATACTAATAACTACTTCAACATCTAACTCT,63782162,ACATCTCTTCCTACCAATTTATACTAATAACTACTTCAACATCTAACTCC,I,A,Red,chr8,120770161,120770162,+,G/G,A/G,A/A,C/C,T/C,T/T
rs1520670,rs1520670,60648887,ACACCAATTCCAACTTTTTCTCTCTCCTACCAAAATAAAAATCAACTCAT,99791522,ACACCAATTCCAACTTTTTCTCTCTCCTACCAAAATAAAAATCAACTCAC,I,T,Red,chr3,99254081,99254082,-,G/G,A/G,A/A,G/G,A/G,A/A
rs11034952,rs11034952,89661264,AATCATCCTAAACTCATTTCTATTCTTCATCCTACCTTATCATCACTCAT,60686101,AATCATCCTAAACTCATTTCTATTCTTCATCCTACCTTATCATCACTCAC,I,C,Grn,chr11,38767064,38767065,+,G/G,A/G,A/A,C/C,T/C,T/T
rs9292570,rs9292570,11772973,CTAAAATTACCTACAAATATAAAATCCACTAATCATCTTCCAACCCTCAT,87700258,CTAAAATTACCTACAAATATAAAATCCACTAATCATCTTCCAACCCTCAC,I,T,Red,chr5,35000206,35000207,+,G/G,A/G,A/A,C/C,T/C,T/T
rs2385226,rs2385226,14686132,TTACCATCCCATTTAAATCTCACCACCTTCATTTAAATCTTACATCAACT,25704855,TTACCATCCCATTTAAATCTCACCACCTTCATTTAAATCTTACATCAACC,I,C,Grn,chr8,125669751,125669752,+,G/G,A/G,A/A,C/C,T/C,T/T
rs1040870,rs1040870,63804872,CAAAATCTTTTTCCCTCCATAACTAAAAACTCTCAAAATAACAACCACTT,50767294,CAAAATCTTTTTCCCTCCATAACTAAAAACTCTCAAAATAACAACCACTC,I,A,Red,chr9,82800621,82800622,+,G/G,A/G,A/A,C/C,T/C,T/T
rs10882854,rs10882854,7755949,CTTAAACCCACCCCTTAAACCTCAATACTTCAAAAATTCACATTCTAAAT,5760398,CTTAAACCCACCCCTTAAACCTCAATACTTCAAAAATTCACATTCTAAAC,I,C,Grn,chr10,96879339,96879340,+,G/G,A/G,A/A,C/C,T/C,T/T
rs5987737,rs5987737,76650465,ATACTCCCCTAAATAATCTCCCTACTTCCATTTTTACTCACCAATATAAT,4701978,ATACTCCCCTAAATAATCTCCCTACTTCCATTTTTACTCACCAATATAAC,I,T,Red,chrX,115476350,115476351,+,G/G,A/G,A/A,C/C,T/C,T/T
rs13369115,rs13369115,33810520,ACTAACATATTTACAAAAATACTTTAACCAACCCTTTCCCAACCTCAAAT,89724912,ACTAACATATTTACAAAAATACTTTAACCAACCCTTTCCCAACCTCAAAC,I,A,Red,chr4,137116127,137116128,+,G/G,A/G,A/A,C/C,T/C,T/T
rs2208123,rs2208123,56620596,AATATACCCCTCCAATCCAAATCCTAAACTCTTATCTACTATCCTATCTT,84805353,AATATACCCCTCCAATCCAAATCCTAAACTCTTATCTACTATCCTATCTC,I,T,Red,chr22,47819062,47819063,-,G/G,A/G,A/A,G/G,A/G,A/A
rs6471533,rs6471533,65607256,TAACTACCCATATCACTAATAAAATCACCACCATTCCTCTTCTCCACATT,64807947,TAACTACCCATATCACTAATAAAATCACCACCATTCCTCTTCTCCACATC,I,C,Grn,chr8,95458071,95458072,-,G/G,A/G,A/A,G/G,A/G,A/A
rs715359,rs715359,61801874,TTATTAAACTCTCACCACTAACTTTCTACTTCTCTCAAAATCAAAACCTT,61636147,TTATTAAACTCTCACCACTAACTTTCTACTTCTCTCAAAATCAAAACCTC,I,C,Grn,chr1,177462031,177462032,+,G/G,A/G,A/A,C/C,T/C,T/T
rs10033147,rs10033147,81611500,CCCACTCTCATCATATAATATACTAATTCCCCCACATTTTCCACAATAAT,45677974,CCCACTCTCATCATATAATATACTAATTCCCCCACATTTTCCACAATAAC,I,T,Red,chr4,14355505,14355506,-,G/G,A/G,A/A,G/G,A/G,A/A
rs5926356,rs5926356,46751166,TTCACCATAATTTCCATCACTTTCTATTCACCTTCCAAAATAACTAACCT,38757861,TTCACCATAATTTCCATCACTTTCTATTCACCTTCCAAAATAACTAACCC,I,C,Grn,chrX,28229213,28229214,-,G/G,A/G,A/A,G/G,A/G,A/A
rs6626309,rs6626309,21701557,CTTTCTCACTTCCATCATATTAATCCAATCTCTCTACCTAAATTCATATT,73797901,CTTTCTCACTTCCATCATATTAATCCAATCTCTCTACCTAAATTCATATC,I,T,Red,chrX,148122852,148122853,+,G/G,A/G,A/A,C/C,T/C,T/T
rs654498,rs654498,56772855,CTAAAAATATCATCTCCACTCCACCCACTATTCATAACCTATTTTATCTT,81742542,CTAAAAATATCATCTCCACTCCACCCACTATTCATAACCTATTTTATCTC,I,T,Red,chr1,81707362,81707363,+,G/G,A/G,A/A,C/C,T/C,T/T
rs10936224,rs10936224,24692922,TCTTTCAATATATACTATTTTCTTCATCTCCCTTCACCCACTTCCATACT,6650432,TCTTTCAATATATACTATTTTCTTCATCTCCCTTCACCCACTTCCATACC,I,T,Red,chr3,161184742,161184743,-,G/G,A/G,A/A,G/G,A/G,A/A
rs2468330,rs2468330,55653201,ATCACACTTTTCATCACTCCATTTTTTTCCACCCAAAAATAATACTACTC,NA,,II,,,chr12,42804919,42804920,-,"A,T/A,T","A,T/G,C","G,C/G,C",A/A,A/G,G/G
rs877309,rs877309,79696145,CCCCAACCCAAAACCTCTATAATTCACAAAACACAAATTCACACTTATAA,NA,,II,,,chr1,11429620,11429621,-,"A,T/A,T","A,T/G,C","G,C/G,C",A/A,A/G,G/G
rs2857639,rs2857639,56780575,TAAAAAAAAATTCAACCTTCTACCTCCTACCATTATAACTCCAACACTCC,NA,,II,,,chr22,29659684,29659685,-,"A,T/A,T","A,T/G,C","G,C/G,C",A/A,A/G,G/G
rs798149,rs798149,76700477,ACACAACCTCCAATACTTCCAAATATCTCACTAAATTACTCTAACTATAA,NA,,II,,,chrX,15867307,15867308,-,"A,T/A,T","A,T/G,C","G,C/G,C",A/A,A/G,G/G
rs939290,rs939290,60714280,ATTTTATTTTCACTTTCCACAACCATAAACCCTTCCACCCAACATAATCA,NA,,II,,,chr3,14617358,14617359,+,"A,T/A,T","A,T/G,C","G,C/G,C",T/T,T/C,C/C
rs9839873,rs9839873,53737564,AAAACCCTCTCTTTCTATCTCCCACTCTATATCACTCTACACATTTATAA,NA,,II,,,chr3,86613004,86613005,+,"A,T/A,T","A,T/G,C","G,C/G,C",T/T,T/C,C/C
rs739259,rs739259,4691405,CACAAAAACCCACTATCCCTCTAATTACTATAACAATCCACCTATAAAAA,NA,,II,,,chr22,26960615,26960616,-,"A,T/A,T","A,T/G,C","G,C/G,C",A/A,A/G,G/G
rs133860,rs133860,35788566,TCTCACTCATCCCTCTCCCTTTCTCACCTTCATATATATTATTATAAACA,NA,,II,,,chr22,25748792,25748793,+,"A,T/A,T","A,T/G,C","G,C/G,C",T/T,T/C,C/C
rs7746156,rs7746156,54761939,TACCAACCAATACTCAAAATAACCCATACTAATCTTCCTATTCTTCCTCT,NA,,II,,,chr6,47163082,47163083,+,"A,T/A,T","A,T/G,C","G,C/G,C",T/T,T/C,C/C
rs1941955,rs1941955,56699184,TAAACCCTACTAATTCATAAAAACCATATCACTCTCACTTACCACTATAT,NA,,II,,,chr18,37582874,37582875,+,"A,T/A,T","A,T/G,C","G,C/G,C",T/T,T/C,C/C
rs1484127,rs1484127,67603150,CACTAACCAACCTACATAAATACCCCCTACTCACTCTTCAAATTTTCTTT,NA,,II,,,chr8,50813093,50813094,-,"A,T/A,T","A,T/G,C","G,C/G,C",A/A,A/G,G/G
rs2235751,rs2235751,87787191,ATCCCAAAACAAACCTCCCCAAATCCTCTCAATATTTACCAAAAAAACAA,NA,,II,,,chr20,1989287,1989288,-,"A,T/A,T","A,T/G,C","G,C/G,C",A/A,A/G,G/G
rs6982811,rs6982811,37718872,TTTACTCCTCAACAAACTAACCAATACTTACCCACTATTTACTCCTATAC,NA,,II,,,chr8,36689794,36689795,+,"A,T/A,T","A,T/G,C","G,C/G,C",T/T,T/C,C/C
rs2125573,rs2125573,5620134,TTCTCCAACCATTCAACCTAAAATAACCAATCTATCACACCACCCATTCA,NA,,II,,,chr4,127686676,127686677,+,"A,T/A,T","A,T/G,C","G,C/G,C",T/T,T/C,C/C
rs845016,rs845016,36724943,TAAACTAATATACCAATTTACCCTTTCACCAACCATATTAAAAATTCCCC,NA,,II,,,chr21,32625973,32625974,+,"A,T/A,T","A,T/G,C","G,C/G,C",T/T,T/C,C/C
rs4742386,rs4742386,16724597,TCATAAATCACCAAATCTCCTAACACATTCATCTTCAACTATCCAACTTC,NA,,II,,,chr9,7711757,7711758,-,"A,T/A,T","A,T/G,C","G,C/G,C",A/A,A/G,G/G
rs1019916,rs1019916,71664245,TCTCACAACTCAAATCCCATCAACCACTTACTATCACTATATCTATCACT,NA,,II,,,chr5,147268795,147268796,-,"A,T/A,T","A,T/G,C","G,C/G,C",A/A,A/G,G/G
rs9363764,rs9363764,29668574,TAACTCCCTACCACCTAAAACAAAACAATAATACACTAACTAATTTCCCT,NA,,II,,,chr6,67522148,67522149,-,"A,T/A,T","A,T/G,C","G,C/G,C",A/A,A/G,G/G
rs472920,rs472920,53644579,CCCTCCCCAAAATATTTATAAACCTAACCTCTCCTCTCATTCTTAAATAA,NA,,II,,,chr8,95836515,95836516,-,"A,T/A,T","A,T/G,C","G,C/G,C",A/A,A/G,G/G
rs1510189,rs1510189,90655411,AATATCCCCAAAACTTTTAACACCAAACCTAAAACTTCTTCTATTCTACC,NA,,II,,,chr16,56066611,56066612,+,"A,T/A,T","A,T/G,C","G,C/G,C",T/T,T/C,C/C
rs6426327,rs6426327,23748976,TTCTCTTTCCATCTCTAAAACAACAAACAAATCCTCCCTCTTACCAAATA,NA,,II,,,chr1,245926508,245926509,-,"A,T/A,T","A,T/G,C","G,C/G,C",A/A,A/G,G/G
rs1416770,rs1416770,81620416,AACCTACTATATTAAATCTTTCTACATATCACCTAAATACCACACTCTCA,NA,,II,,,chrX,146137646,146137647,+,"A,T/A,T","A,T/G,C","G,C/G,C",T/T,T/C,C/C
rs2959823,rs2959823,96763146,ACATAAAAATTAAACCTCTCTACAACTTCCACCTTAATCTTTCAACTTCC,NA,,II,,,chr15,76121187,76121188,-,"A,T/A,T","A,T/G,C","G,C/G,C",A/A,A/G,G/G
rs2804694,rs2804694,88794531,CTTATTCCCATCATATTTCACTCTAATTCCTACTAACATAAAATCCCCAA,NA,,II,,,chr1,181362696,181362697,-,"A,T/A,T","A,T/G,C","G,C/G,C",A/A,A/G,G/G
rs2032088,rs2032088,78707557,TTACTTCTATAACACCACACTTAATCTTTATTCCACCTCTCTAATCACAT,NA,,II,,,chr21,37105029,37105030,-,"A,T/A,T","A,T/G,C","G,C/G,C",A/A,A/G,G/G
rs4331560,rs4331560,34750968,CATAACATTTCTCATCCAATAACTCACTCCATCTTCCAATACTCCCTAAA,NA,,II,,,chr2,48857533,48857534,-,"A,T/A,T","A,T/G,C","G,C/G,C",A/A,A/G,G/G
rs11249206,rs11249206,75776398,TAAATCTCCCCTCTCTTATTCCACAAATAATTACTAACCCATTTCTCAAA,NA,,II,,,chr1,24951490,24951491,+,"A,T/A,T","A,T/G,C","G,C/G,C",T/T,T/C,C/C
rs1510480,rs1510480,2664310,TCACCTTCCATTAATTACTTCTACCATCCTCTTCATAATCAAACTAATCC,NA,,II,,,chr2,60598305,60598306,-,"A,T/A,T","A,T/G,C","G,C/G,C",A/A,A/G,G/G
rs264581,rs264581,96753852,AACCATTTACAAAAATAAAAATCACCACCAAAAATCATCATATCCACCCA,NA,,II,,,chr2,159114850,159114851,-,"A,T/A,T","A,T/G,C","G,C/G,C",A/A,A/G,G/G
rs6546473,rs6546473,97747498,CTCAAAAAACTTAACCTTAACTTTTACCTCCACTCCAACTTCTTTAAACA,NA,,II,,,chr2,69033224,69033225,-,"A,T/A,T","A,T/G,C","G,C/G,C",A/A,A/G,G/G
rs2521373,rs2521373,16731280,CTACTACCTAATTAATAACACCATCCCTACTAACCCTCATAATTCCCTCC,NA,,II,,,chrX,9508949,9508950,-,"A,T/A,T","A,T/G,C","G,C/G,C",A/A,A/G,G/G
rs10457834,rs10457834,99628449,TTACTTCACTATTTAATTCACTCTACTAACACCAAAAACCACTTTCCTAT,NA,,II,,,chr6,148721663,148721664,+,"A,T/A,T","A,T/G,C","G,C/G,C",T/T,T/C,C/C
rs966367,rs966367,41725965,ATAACTCCTTTAACTTTAAACACACATCTCTACACACAACCACATACAAA,NA,,II,,,chr2,12008093,12008094,+,"A,T/A,T","A,T/G,C","G,C/G,C",T/T,T/C,C/C
rs7660805,rs7660805,98805173,ACCTCCAACACAAAAACAACAAAAACTATTTATTCCCTCCTATAACCTCA,NA,,II,,,chr4,130122894,130122895,-,"A,T/A,T","A,T/G,C","G,C/G,C",T/T,T/C,C/C
rs1495031,rs1495031,11655567,TAACCCATCTCTCATTCCTCCCTATTTTAAAAAATTTCCACCATACTATC,NA,,II,,,chr12,63104355,63104356,+,"A,T/A,T","A,T/G,C","G,C/G,C",T/T,T/C,C/C
rs348937,rs348937,15772250,AATACTACAACTACATTAAAAACCCTAAACAAAACTAACTAACCAACCCC,NA,,II,,,chr5,113489979,113489980,+,"A,T/A,T","A,T/G,C","G,C/G,C",T/T,T/C,C/C
rs1467387,rs1467387,8600489,AACCCAATCCAAACCAATATTTTCCTAAACTCCTATAATTACCTTCTTAC,NA,,II,,,chr22,25535404,25535405,+,"A,T/A,T","A,T/G,C","G,C/G,C",T/T,T/C,C/C
rs1945975,rs1945975,93662444,CCACTTCTCTTTCCTCACCTACTTTCATTTAATTTAATACTTACCTCCTC,NA,,II,,,chr11,105428996,105428997,+,"A,T/A,T","A,T/G,C","G,C/G,C",T/T,T/C,C/C
